time,pelvis_tilt,pelvis_list,pelvis_rotation,pelvis_tx,pelvis_ty,pelvis_tz,hip_flexion_l,hip_adduction_l,hip_rotation_l,knee_angle_l,knee_angle_l_beta,ankle_angle_l,subtalar_angle_l,mtp_angle_l,lumbar_extension,lumbar_bending,lumbar_rotation
3.9333333,-5.743374162840908,0.9992477658308643,2.921244549781438,0.007147634257773224,0.8118814491495027,-0.03258408457100372,53.67463796747042,-5.906512660496311,2.018388906962774,59.572007478984176,1.039727671673619,0.7718232455003311,-8.60989724814904,-7.499999870001539,-22.73369643134693,4.460027769831552,0.3335959053434312
3.9375,-6.264191658016436,1.1758763795183775,2.5561260456784156,0.007982249325462288,0.7992240145921066,-0.03158343225205514,55.50609198343126,-5.679842608331907,2.4900614013911864,62.173521593242285,1.0851326589640746,2.758630818410416,-9.53029279990686,-7.499999870001539,-22.9770568596025,4.200240408704156,1.194561855416407
3.9416667,-6.779624955770248,1.349778165161791,2.1953119000645995,0.008814281560574884,0.7866921616902498,-0.030689013857941184,57.31767828813043,-5.441153952352815,2.962829533667942,64.74552208445624,1.1300225363306453,4.704869763571459,-10.455740863973096,-7.499999870001539,-23.229680369653416,3.9436511545445168,2.0447039145359027
3.9458333,-7.284820431152722,1.5181543653268272,1.8426498564936316,0.009637662711829436,0.7744057943759283,-0.03000143442616999,59.09110227457566,-5.179333109870834,3.4375239401193154,67.25994039108224,1.1739074149327877,6.571870064431102,-11.390977141652813,-7.499999870001539,-23.500695380364824,3.6936979140110737,2.8737079388872493
3.95,-7.7758874584281665,1.6781185174516755,1.5011470739646569,0.010440017046172183,0.7624739999766948,-0.029610083057996672,60.81099561481676,-4.884980931277208,3.914492862792203,69.69147064141548,1.2163456239681443,8.324575483065498,-12.34014575331988,-7.499999870001539,-23.79895737859795,3.4542008901154952,3.6721779561275874
3.9541667,-8.250165651906752,1.826777582879068,1.1727166082209042,0.011201002494391423,0.7509908210796756,-0.02958766836396274,62.465873340972045,-4.551063610804858,4.393458875300685,72.01863978674454,1.2569623880211205,9.93293727256358,-13.306576409526086,-7.499999870001539,-24.13288700328385,3.229338359084977,4.431873232644884
3.9583333,-8.706307382937966,1.9614156127916311,0.8580815027424425,0.011892044948423447,0.7400320750010986,-0.029985067365203566,64.04860459613242,-4.173389284329529,4.873456885944054,74.22453412814671,1.2954625073486283,11.372910907388357,-14.292584197289848,-7.499999870001539,-24.510257721902825,3.023431232260269,5.145753335686578
3.9625,-9.144209188388043,2.0797529821735936,0.5568287196189358,0.012477425454388623,0.7296531518674318,-0.030826791458570396,65.55640829484472,-3.7509359099686828,5.352842865880142,76.29713223717293,1.331636168442658,12.62704926346804,-15.299240380397547,-7.499999870001539,-24.93790072591917,2.8405575798566507,5.807862306222235
3.9666667,-9.564861164631347,2.180229201332516,0.2675771863114234,0.012916530493502961,0.7198876840553532,-0.032107500079048404,66.99046828986096,-3.2860711932715723,5.829357528661897,78.22925167199645,1.3653580140515202,13.68473509393966,-16.326070355386868,-7.499999870001539,-25.421306965234542,2.6840550592952614,6.413120073389668
3.9708333,-9.970189327377858,2.2622468291483675,-0.011786659460967543,0.013167083483401879,0.7107470715458895,-0.03379010588060688,68.35530273988046,-2.7846887511394383,6.300231696639761,80.01817183776544,1.396580560850595,14.542120083078984,-17.37066707646263,-7.499999870001539,-25.964132415860924,2.5559933566208493,6.957104095999381
3.975,-10.362944741638168,2.3263196919882603,-0.2838451534746841,0.013189258746005314,0.7022209137869534,-0.035806057135658244,69.65802090244593,-2.256245658192619,6.762323274741319,81.66504050107926,1.4253238411647218,15.201842956591678,-18.428251003134402,-7.499999870001539,-26.567641365285894,2.4567094562934817,7.435898046647969
3.9791667,-10.746658434529104,2.3740879851156844,-0.5513784266543439,0.012950609889880707,0.6942783511967611,-0.03805828820639617,70.9075748336682,-1.7136432573460698,7.212276007397274,83.17420021169464,1.451663646807594,15.672593292522738,-19.49124780908448,-7.499999870001539,-27.23014331795613,2.3844950605584976,7.846062418570972
3.9833333,-11.125646822373419,2.408190443742742,-0.8170880448969927,0.01243163817287135,0.6868702331614955,-0.04042707283415153,72.11407599915525,-1.1728649447609825,7.646687957292089,84.55256983284214,1.4757207347474517,15.968574712394963,-20.5489829793422,-7.499999870001539,-27.946490025899873,2.335507660185351,8.184750090494488
3.9875,-11.505026729729032,2.4320126097125017,-1.083306750889087,0.011631563180914972,0.6799320202373675,-0.04277862355537294,73.28820240333543,-0.6522867993581003,8.062274400824228,85.8091744693261,1.4976526228024059,16.10890095583639,-21.587600099003218,-7.499999870001539,-28.707705761523837,2.3039460335994426,8.449953800648279
3.9916667,-11.8906852268703,2.4493527355782634,-1.351689316705275,0.01057347897442331,0.6733873898765709,-0.04497579264190676,74.44068009864614,-0.1716187251392713,8.456007756034747,86.95484252753933,1.5176483023378786,16.116931224388342,-22.590290746827332,-7.499999870001539,-29.500832623260443,2.2824899536720045,8.640839346581686
3.9958333,-12.289149632369403,2.4640565027589294,-1.6228969077528248,0.00930770233512634,0.6671525323803897,-0.046889704062221295,75.58180220382735,0.24948550550772777,8.825220377458209,88.00201080240298,1.5359248363897826,16.019521184942803,-23.537877224986723,-7.499999870001539,-30.30908278563158,2.262956804651937,8.75809758064575
4.0,-12.707319035938882,2.4796662446521958,-1.8963121415474355,0.007911963254147532,0.6611410191193241,-0.04841074715898886,76.72096231063483,0.5930102715530929,9.167667421041156,88.96453085189802,1.5527239802609647,15.846142500337788,-24.409723783962782,-7.499999870001539,-31.11238915100018,2.2370835140655765,8.804246349487594
4.0041667,-13.15204962954901,2.4991144906220475,-2.1698423373872475,0.006487409751249261,0.6552689312990498,-0.04945735867367971,77.8662202613765,0.8441312659992937,9.481562064946408,89.85737138114943,1.568306987142774,15.627820671250756,-25.184887789711546,-7.499999870001539,-31.888414298142596,2.1973161440504225,8.783826938424166
4.0083333,-13.629625022084388,2.5244750787158554,-2.439872422902441,0.005150285359828739,0.6494597529534513,-0.049981545547867746,79.02395941512442,0.9924964924553605,9.765603288902549,90.69615868108798,1.5829465872567732,15.39586992157077,-25.843383636536654,-7.499999870001539,-32.61400149566383,2.137496286542573,8.70345745095651
4.0125,-14.145176512773189,2.556776438978109,-2.7014115969241064,0.004020294871742958,0.6436484522132743,-0.04997093556485117,80.19870643708525,1.0330442041053474,10.01900955162029,91.49656836573077,1.5969163716686938,15.180461648747766,-26.367432707794105,-7.499999870001539,-33.26694444051505,2.053372443778139,8.571720535602223
4.0166667,-14.702134231156093,2.595883268534729,-2.948443409313559,0.003207566467088696,0.6377842498840907,-0.049447845872272106,81.39315751194155,0.9662727493642352,10.241554040366449,92.27364645943658,1.6104789430275979,15.009126789592987,-26.742605003930734,-7.499999870001539,-33.82785468936972,1.9429158942489055,8.398876103231865
4.0208333,-15.30178423803102,2.6404602256070975,-3.1744476719609027,0.00280039265664033,0.6318317920361013,-0.048466143120735244,82.6084030803382,0.7979938969411717,10.433581817941658,93.04117075291278,1.6238747691277917,14.905332318484511,-26.958799528354067,-7.499999870001539,-34.28185855016818,1.806459313153492,8.196404950815724
4.025,-15.942985524207673,2.688036909413284,-3.373026143122558,0.0028556336858198243,0.6257707454724,-0.04710656958905841,83.84429036423883,0.5386897616498294,10.595987679516492,93.81115301207039,1.6373134948167865,14.887271642850743,-27.011039688574993,-7.499999870001539,-34.61987536401829,1.6466902952590508,7.976406860263774
4.0291667,-16.622074929115342,2.735191109840411,-3.53854165242831,0.0033930559800731145,0.6195941339151292,-0.04547094791724087,85.09982678467098,0.20263395261985148,10.730147419905945,94.59353586989315,1.6509686517625988,14.966975923919817,-26.900067603426976,-7.499999870001539,-34.83930570032753,1.468524613746333,7.75089452576455
4.0333333,-17.33296666415153,2.7778546765086944,-3.6666772394420093,0.004394177331753228,0.6133059274637216,-0.04367546260401219,86.37351840062986,-0.19307005755247722,10.837816560417867,95.39607736924916,1.6649756433473344,15.149811692376991,-26.632709833121396,-7.499999870001539,-34.944062383179734,1.2788676411493338,7.531041546920253
4.0375,-18.067441683559245,2.811725168799792,-3.754837761692155,0.005805511678413249,0.6069184230332751,-0.041843166687215654,87.66356189885781,-0.6294220361033337,10.921027953634784,96.22436839950024,1.6794320489944607,15.434397642233488,-26.221967115328134,-7.499999870001539,-34.94397693578069,1.0862595628369076,7.326458186162549
4.0416667,-18.815619118156114,2.8327421185930843,-3.8023466206367256,0.007545504230895136,0.6004498287020037,-0.04009599215479958,88.96786323783249,-1.0863733709065873,10.982024286106158,97.08191121620777,1.6943989945965392,15.81295064177158,-25.686767260037815,-7.499999870001539,-34.8536869720395,0.9004000152527041,7.144577615836157
4.0458333,-19.56659887588437,2.8375661890926938,-3.810427145914212,0.009513987700244602,0.5939222737041264,-0.038546768716584426,90.2839222357146,-1.5435840582216767,11.023251458514975,97.97020129142716,1.7099025810719937,16.27204757211721,-25.051326461521516,-7.499999870001539,-34.691151861025425,0.7315633862981197,6.990229636893162
4.05,-20.309251715511238,2.823988841926002,-3.781993537432537,0.011602755482120268,0.5873602862757084,-0.03729193618264916,91.60867254733144,-1.9811144775133795,11.047419487905934,98.88878798613698,1.7259349432976965,16.79375942461714,-24.34409413263617,-7.499999870001539,-34.475961984633805,0.5899413854141774,6.86545616780308
4.0541667,-21.033107834173887,2.7912038084043913,-3.72130356789965,0.013705873238163732,0.5807896543429513,-0.036405659273745485,92.93837981339105,-2.3800914101802335,11.057616715438957,99.83532633679401,1.7424551539531437,17.357079783437392,-23.596305601674885,-7.499999870001539,-34.227610084039014,0.48497181882272233,6.7695905166180514
4.0583333,-21.729264093201138,2.739891744322074,-3.633540562587962,0.015728583241652192,0.5742365253664048,-0.03593589669474174,94.26867492814337,-2.7233831331369225,11.057445751248547,100.80565852272917,1.7593906453925658,17.939537547418098,-22.840226175724574,-7.499999870001539,-33.963887174928765,0.4247192756047134,6.6995892439596485
4.0625,-22.391205747269883,2.672103115117711,-3.5243939535687434,0.0175940009623589,0.5677266099453605,-0.03590268979924795,95.59474948153527,-2.9963002484885064,11.0511378879551,101.79397063886442,1.7766399458427014,18.518859406401994,-22.107225060269936,-7.499999870001539,-33.69955139639522,0.41536053188399147,6.650574807094383
4.0666667,-23.015431479052204,2.590962977469999,-3.399696534897493,0.019247182504004604,0.5612844116384731,-0.036298610055829114,96.91168778073025,-3.1873134086632757,11.043598484170715,102.79305769800042,1.794077304563177,19.074536965490832,-21.425852154614073,-7.499999870001539,-33.44539294055334,0.4608013523733093,6.616519852952915
4.0708333,-23.60178472250863,2.5002537269130682,-3.265154721213286,0.020656497276793643,0.5549324869160916,-0.03709103635669481,98.21487027437695,-3.2887514861134863,11.040341220669708,103.79470328224134,1.811559318012411,19.589161002272714,-20.82009478873465,-7.499999870001539,-33.207778308324265,0.562424250156418,6.590982651482001
4.075,-24.153427497865092,2.4039493172036233,-3.1261796817519656,0.021812525532786602,0.5486908036551857,-0.03822578964464298,99.5003643065813,-3.2974163489248967,11.047285830349132,104.7901493003283,1.8289331286591177,20.049411178821995,-20.307968175855486,-7.499999870001539,-32.98870328074457,0.7189501990483199,6.56779326488079
4.0791667,-24.67643889070429,2.3057737848932724,-2.9877990166281374,0.02272489565895089,0.542576268099573,-0.03963164517451895,100.76522191693343,-3.2150256081984208,11.070421695388418,105.77060724063034,1.8460453480305887,20.44662840402159,-19.90055627536321,-7.499999870001539,-32.78632363220657,0.9263973555096584,6.541597144075185
4.0833333,-25.179069946784985,2.2088410269698615,-2.854609627617424,0.023417598100503215,0.536602425486403,-0.04122533268686471,102.00762757970139,-3.048379711521156,11.11537399007191,106.72775458663223,1.8627507207985672,20.77694217426097,-19.60158078416959,-7.499999870001539,-32.59587757811353,1.1781342144983966,6.508188961740271
4.0875,-25.67073145643742,2.115408350589197,-2.7307293601262876,0.023923390302891676,0.5307792702475447,-0.042916753537206385,103.2268725489542,-2.809156228213348,11.186939717601613,107.65416971848833,1.8789197152451382,21.04097174149894,-19.40753553195497,-7.499999870001539,-32.41087416378667,1.46504351994885,6.464611700104063
4.0916667,-26.160825141412918,2.026750948395508,-2.6197182826585896,0.024277960343612265,0.5251130992271033,-0.04461424028986659,104.42316563923443,-2.5132705155719353,11.288675590184823,108.54367763008278,1.8944445571659603,21.24316369556833,-19.30837614416925,-7.499999870001539,-32.22440062129934,1.7758254171415702,6.409045994887499
4.0958333,-26.6575490784222,1.9431453276100497,-2.5244643261848614,0.024514547270889975,0.5196064183633325,-0.04622975129826341,105.59731384690988,-2.1798050630043466,11.422609429581403,109.39159707066335,1.9092435433077932,21.39086439585401,-19.288701634788374,-7.499999870001539,-32.03039762916126,2.097466868039271,6.340559006629874
4.1,-27.16681319954983,1.8639417368301296,-2.447052969447639,0.02465969349424959,0.5142580248388687,-0.04768392339677475,106.75031681414667,-1.8295841690675125,11.589112710720528,110.19489090289044,1.9232636656134883,21.493249512628907,-19.329313997637055,-7.499999870001539,-31.824762306224002,2.41588809755373,6.25880545515278
4.1041667,-27.691390407547363,1.7877080889383385,-2.388656808430784,0.024730680865291517,0.5090634721834103,-0.0489108606596919,107.88291928769841,-1.4835353065728005,11.786927652813324,110.95222322646886,1.9364816082188,21.560242519327026,-19.40900193455572,-7.499999870001539,-31.6061629887801,2.7167495837126747,6.1637665662405805
4.1083333,-28.230404386494534,1.712434087874182,-2.349482112457855,0.024734955157235127,0.5040161289330768,-0.049862401144860465,108.995160879313,-1.1610171391710093,12.013307749840806,111.6639207611316,1.9489030734588597,21.601547274165537,-19.506371748785384,-7.499999870001539,-31.376485298410895,2.986372108015623,6.055579321385587
4.1125,-28.779217799533416,1.6357866742643092,-2.3287967923352957,0.024671512485592875,0.49910892856455347,-0.050511439680577384,110.08595738993331,-0.8783013423220888,12.264219310655019,112.33182858502424,1.9605602640277273,21.625895359762822,-19.60154710166144,-7.499999870001539,-31.140873417427954,3.212695037643635,5.934465396376257
4.1166667,-29.32973710361588,1.5554037289653135,-2.3250442110372482,0.024533904261818177,0.4943366948944645,-0.05085380066150106,111.15274623058482,-0.6473753781899706,12.534562905120508,112.95905119083292,1.971507363554216,21.640569392712994,-19.67758064140186,-7.499999870001539,-30.907379651638106,3.3861793434208405,5.800736151582039
4.1208333,-29.871099486478045,1.4692047715569314,-2.3360275624243263,0.02431430860114466,0.489698671252332,-0.050908228115325076,112.19123287634055,-0.47519264084473495,12.818396349743315,113.54958633627983,1.9818141460858347,21.651218300360213,-19.72146037098157,-7.499999870001539,-30.686280232431752,3.500555585997127,5.654836741329707
4.125,-30.390662338758492,1.3756894072948895,-2.3591351205366715,0.024008022263974093,0.48520066516865223,-0.0507142780487529,113.19528519445092,-0.363440410799171,13.109162440019297,114.1078895634849,1.9915583755157997,21.661940915619656,-19.72464514793133,-7.499999870001539,-30.489145372822748,3.553326208620861,5.497395241792046
4.1291667,-30.87518274290969,1.2741893093789687,-2.391569460220896,0.023617692592680137,0.4808561444348681,-0.050328158404390574,114.1570298643083,-0.3088328030720317,13.399938292645906,114.63843755758894,2.0008181847513185,21.67558583767987,-19.683117338338725,-7.499999870001539,-30.32776347716995,3.545955648614529,5.329251756387392
4.1333333,-31.312055980839883,1.1650388801506524,-2.4305441953464206,0.0231566252525375,0.47668577208888424,-0.049816779294974474,115.06719667103721,-0.3038765171407433,13.683727851865035,115.14536952829317,2.009665816639066,21.69419677355273,-19.596985580323253,-7.499999870001539,-30.21301966457459,3.4837161984414537,5.1514502331728185
4.1375,-31.690477791906154,1.0496347462138493,-2.473420343789391,0.0226506124548806,0.4727152431917594,-0.04925047522344193,115.91572338286907,-0.33801006042602344,13.953814569514098,115.6322667727848,2.0181637766115466,21.719520321526232,-19.469702449012345,-7.499999870001539,-30.15382699804848,3.3751954314155492,4.965180820726729
4.1416667,-32.00240467262202,0.9303660731856814,-2.517770966230655,0.022137920710524336,0.46897175348705067,-0.04869509431881565,116.69258113668583,-0.39898408423791365,14.204176765789336,116.10208751783956,2.0263636954672237,21.753486952358042,-19.306987146004303,-7.499999870001539,-30.156209051956,3.2315066691998595,4.771666104508197
4.1458333,-32.24320963763733,0.8104152390502191,-2.561383713605015,0.021667299992779034,0.4654797944306149,-0.04820436151650615,117.38872565112278,-0.474330682941699,14.429946524531665,116.55722663167914,2.0343073715397897,21.79857788385766,-19.1155712961912,-7.499999870001539,-30.22263068346848,3.0652739762236823,4.571994070394311
4.15,-32.411966346190965,0.6934479221912224,-2.602229173460435,0.021294110848943778,0.4622570992872334,-0.047813503978647136,117.99704332904584,-0.5527634018167521,14.6278708757762,116.9996393437846,2.0420289300175187,21.858003661510157,-18.90191659888776,-7.499999870001539,-30.351661553674568,2.889486386079794,4.366915392301755
4.1541667,-32.51133993771314,0.5832290481287388,-2.6384318492128664,0.021074935607117287,0.45931146595883,-0.04753504824778695,118.51315508472793,-0.6253580262136289,14.796717022659955,117.43096546603267,2.049556991012488,21.935646815117483,-18.671077012418387,-7.499999870001539,-30.538026736637995,2.716332621420988,4.156641023919781
4.1583333,-32.54711385677871,0.4832134027849263,-2.668278102111963,0.021061320234293978,0.45663894639116287,-0.047357478559245464,118.93596426903109,-0.6863867393751395,14.937554578734233,117.85261118540514,2.0569160971138256,22.03576014249928,-18.42588259180033,-7.499999870001539,-30.773050274558333,2.5561360742035633,3.9406936266436747
4.1625,-32.527430740048366,0.3961646295285596,-2.6902832793993006,0.021293511931988793,0.4542236141188727,-0.047247076455562496,119.26787901002578,-0.7337150871659233,15.053851260707315,118.26577537649904,2.0641271726283525,22.16245870678822,-18.16659436128371,-7.499999870001539,-31.04543895850431,2.416506003750457,3.7178759347504444
4.1666667,-32.461864068850865,0.32385163447574655,-2.7033218645291277,0.02179517088132927,0.452038878041546,-0.04715276307505295,119.51469052616434,-0.7687228109613984,15.151338164685443,118.6714318605639,2.071207213942531,22.319089119502127,-17.89111130611585,-7.499999870001539,-31.342296282748375,2.3018012166906403,3.4864118927707635
4.1708333,-32.36046091978601,0.2668571246005597,-2.7068035000741233,0.022570019945639164,0.4500501594663645,-0.04701324734280563,119.68513574413788,-0.795772812658303,15.237634220336707,119.07028786652937,2.0781685645303445,22.507594316675508,-17.595707519384387,-7.499999870001539,-31.65021048362728,2.212968508041437,3.2442851290331456
4.175,-32.232900718724046,0.224512752988931,-2.7008586974463666,0.023601188069138017,0.4482186830567668,-0.04676540451351847,119.79020753652226,-0.8213167817390284,15.321656226106036,119.46273067269121,2.0850179836745064,22.7280042703109,-17.27616730683894,-7.499999870001539,-31.95623781623543,2.1477757233548025,2.9897456005556076
4.1791667,-32.0878942588667,0.1949552022075375,-2.6864862657097537,0.024853548566620594,0.4465060707587454,-0.04635268348232447,119.84229661917225,-0.8527757025509889,15.41286942040297,119.84875847099548,2.091755439820012,22.978162938666337,-16.929108094617202,-7.499999870001539,-32.248617788351034,2.101414087129127,2.721894913568707
4.1833333,-31.932898223826218,0.1752827587957027,-2.6656141534778537,0.02627873276508971,0.44487930421801364,-0.04573246085677944,119.85425661977149,-0.897356258490521,15.520449304651406,120.22788228385397,2.0983723986991194,23.253751146730735,-16.55325971745323,-7.499999870001539,-32.51711883924118,2.0673998969366556,2.4412193418313737
4.1875,-31.774150553159654,0.16178470619655988,-2.6410374480536,0.027821916109245094,0.4433154624487899,-0.044881518640434256,119.83848072644078,-0.9609579942096652,15.652431796401833,120.5989918273371,2.1048494822019936,23.548601586639613,-16.150496955767856,-7.499999870001539,-32.75300998946785,2.0386651215718423,2.1499372749687273
4.1916667,-31.616959194277737,0.15021539999371397,-2.616219004251421,0.029429120633560353,0.44180554803230004,-0.04379912593067853,119.80606767230937,-1.0472977968246813,15.814930745280948,120.96019710262006,2.111153703625509,23.855246984340884,-15.726475329109224,-7.499999870001539,-32.94875718279649,2.0086956611319158,1.852066916095516
4.1958333,-31.466121797765588,0.1360887726539689,-2.594964673605719,0.0310537444928602,0.44035676902996645,-0.042507526079859824,119.76613927214741,-1.1573375477499674,16.011500395955217,121.30867963591987,2.1172358713200685,24.165607629329962,-15.290780114118588,-7.499999870001539,-33.09761721935115,1.9725630931906681,1.5531842986349491
4.2,-31.326331676472194,0.1149743966317565,-2.5810110118196787,0.0326613038870277,0.4389928449157903,-0.04104995580033737,119.72535345713423,-1.2890566180400336,16.24271272332874,121.64060298461311,2.123029026726574,24.471713002852194,-14.856559859045332,-7.499999870001539,-33.19332093188831,1.9277073455080669,1.2599086658914864
4.2041667,-31.202440470216146,0.0827809984936125,-2.577583524511009,0.034231857046377094,0.4377521916464541,-0.03948660345850095,119.68763754705982,-1.4375701074215268,16.506002441177046,121.95113532438883,2.1284488385967135,24.766363652035505,-14.439676178964723,-7.499999870001539,-33.22999436076103,1.8743645069219879,0.9792051403302123
4.2083333,-31.099494358751393,0.03601729187993577,-2.586993488003053,0.035760106934833294,0.4366841501068666,-0.03788909957184616,119.65414779553883,-1.5955601394109529,16.79580451652761,122.23462536579181,2.133396673316173,25.04366810013946,-14.0574577186457,-7.499999870001539,-33.20237953058438,1.815588220336295,0.7176240698478694
4.2125,-31.022524227890976,-0.027975477949385753,-2.6103386083596494,0.03725358293566306,0.4358437086327734,-0.036334217464792595,119.62344399070174,-1.7539615883833248,17.103971785473025,122.48494771221617,2.1377656225392374,25.29942252282249,-13.727195500343102,-7.499999870001539,-33.10631777680652,1.7568717799946054,0.48059893899580297
4.2166667,-30.97613380484099,-0.11081970562039735,-2.6473575113425483,0.03872950134965422,0.4352853946077335,-0.034897466355158356,119.59185264140382,-1.9028240638242773,17.420419623679436,122.69599918024696,2.141449165613568,25.531324250971785,-13.46455786892742,-7.499999870001539,-32.93938021030379,1.7054295391288719,0.2719042670076461
4.2208333,-30.963979226666147,-0.2129239638386148,-2.696462664560563,0.040210925246209034,0.43505713994215023,-0.033647184284276,119.5539795140342,-2.0322583577526077,17.733910752999705,122.86228931612084,2.144351476037525,25.739018348583453,-13.282128969007942,-7.499999870001539,-32.7014896626548,1.6692349881301856,0.09334119178576751
4.225,-30.98826025486059,-0.33333349904578646,-2.754944777488705,0.041722776013414314,0.43519494198057734,-0.032639582955510574,119.50332257990806,-2.1333695310106324,18.032877071504952,122.97953419255248,2.146397785170707,25.92397456003107,-13.18827150658478,-7.499999870001539,-32.39537839626756,1.6559382723223297,-0.05532079037921495
4.2291667,-31.049343323384296,-0.4696223344700935,-2.8193100385694114,0.04328817561732324,0.4357190341737225,-0.031915002588020006,119.43293031631175,-2.199082556578263,18.306182823892037,123.04514366889597,2.147542886528783,26.089190558993153,-13.18647165985211,-7.499999870001539,-32.02675848638018,1.6717980531527743,-0.17615895479322832
4.2333333,-31.145609655477514,-0.6178566832881225,-2.885687349512827,0.04492553917726915,0.43663205302174524,-0.03149547788188713,119.3360482367739,-2.224779901208227,18.54376144065914,123.05849952744856,2.1477759901781783,26.23872725771344,-13.275244691405167,-7.499999870001539,-31.60413602486343,1.7207606539477525,-0.27272179867573676
4.2375,-31.273573513358546,-0.7726706880894092,-2.9502326318541767,0.046646754574331775,0.4379193728596025,-0.03138364817327221,119.20669908982704,-2.208690890952955,18.73709536036461,123.02095859628092,2.1471207772397523,26.37710796552939,-13.44858310397442,-7.499999870001539,-31.138264648475147,1.803803112585597,-0.3495436972439532
4.2416667,-31.428257971129643,-0.927493020997296,-3.0094638219608685,0.048456635465858454,0.43955143676085034,-0.03156304541004353,119.04014992287817,-2.151997184501294,18.879539844826628,122.93557280199289,2.145630513887224,26.50864996368369,-13.69684104992305,-7.499999870001539,-30.641298161624945,1.9186267749264558,-0.4116392494634333
4.2458333,-31.603762583052635,-1.0749428252244517,-3.060480389221214,0.05035360362798114,0.44148761199933406,-0.03199977500431357,118.83323188699225,-2.058646205274201,18.96650962527979,122.80657916821268,2.143379150141048,26.63682820218939,-14.007890081928348,-7.499999870001539,-30.12575728956851,2.059745182134283,-0.46405377987168805
4.25,-31.79392134889393,-1.207380222568043,-3.101048804374332,0.05233129384761822,0.44368091954709366,-0.03264550054319126,118.58449444552996,-1.9348952554711414,18.995551726881146,122.63875696233332,2.140450099961475,26.76377697795565,-14.368361745938664,-7.499999870001539,-29.603462129416506,2.2189564890630247,-0.5115182756726884
4.2541667,-31.992938003294963,-1.317560428311325,-3.1295645172357967,0.05438058528097525,0.44608297290365656,-0.03344149297721801,118.29419178498016,-1.7886413879993759,18.966324564594984,122.43676435042316,2.136924663691823,26.890008073506067,-14.764811469901852,-7.499999870001539,-29.084589535865515,2.386133154793128,-0.5582243093215368
4.2583333,-32.1958991322499,-1.3993128227633873,-3.144927101359164,0.05649153719011522,0.44864857485130044,-0.03432339406138926,117.96411353048921,-1.6286201169679342,18.880497882463906,122.20455513241097,2.1328718481663618,27.014373135491073,-15.184687235585953,-7.499999870001539,-28.57698906969109,2.5502115270221064,-0.6077079720282856
4.2625,-32.3990966405148,-1.44815567053601,-3.1463824387190975,0.05865483509995377,0.4513395707953069,-0.03522627873319917,117.5972835445367,-1.4635727068018052,18.741584498800602,121.94494915032925,2.1283408689192385,27.134245788152636,-15.617048664691747,-7.499999870001539,-28.08583953668275,2.7002337717268263,-0.6628183217601807
4.2666667,-32.60012870718139,-1.4617663091714146,-3.133387435026908,0.06086254267967416,0.45412767780367297,-0.03608952939545423,117.19756010245621,-1.301483162880983,18.554715485849623,121.65939895544007,2.123357077757269,27.245863187810038,-16.05303539785317,-7.499999870001539,-27.613666827881566,2.8262933164861956,-0.7257441903197864
4.2708333,-32.797783803872804,-1.4402514207041777,-3.105537045972249,0.06310813299734425,0.4569960895835648,-0.03686098181385631,116.76917934402994,-1.148972372431893,18.32637450047967,121.3479666009024,2.1179215577153916,27.344753966423394,-16.486111466455537,-7.499999870001539,-27.160687604843986,2.9202641584537528,-0.7980755354221112
4.275,-32.99174185232465,-1.3861936598348066,-3.062567597992099,0.06538593425960829,0.45993972977871617,-0.03749987279889827,116.31629198713682,-1.0109109691904552,18.06411070925804,121.00950122047783,2.1120142223896394,27.42618692783354,-16.912113260159245,-7.499999870001539,-26.72539893902631,2.976246523447346,-0.8808749452202423
4.2791667,-33.182149530881226,-1.3044800719391871,-3.0044261506263097,0.06769025436828202,0.4629641275102041,-0.037978347440862585,115.84254854479211,-0.8902787570100232,17.77624866400292,120.64199057279374,2.1055999515419104,27.485594112472057,-17.329116541438697,-7.499999870001539,-26.305303153545456,2.9907209995998647,-0.9747321442769892
4.2833333,-33.36914227426884,-1.2019378467136328,-2.931380659201388,0.0700144821029902,0.46608303103641546,-0.03828157025186516,115.35078664347914,-0.7882622231633625,17.471604866532918,120.24304469418497,2.0986370324344907,27.51894159051396,-17.73713255630386,-7.499999870001539,-25.897643530889376,2.9624525872905325,-1.079775937752356
4.2875,-33.55239169116376,-1.0868126367641653,-2.8441409708874117,0.07235037981035732,0.4693150394968544,-0.038406713811498724,114.8428624292697,-0.7045482995645515,17.15920604245957,119.81045404055105,2.0910869012433766,27.52303181563567,-18.137656980219536,-7.499999870001539,-25.50003482820445,2.8922134780311124,-1.195628205428063
4.2916667,-33.7307519858944,-0.9681282441903214,-2.74396384609975,0.07468766024870252,0.4726796965161632,-0.038361226415905794,114.31964563607801,-0.6377472428697712,16.847990220786013,119.34274921317032,2.0829239121171783,27.495720698659625,-18.533124660661606,-7.499999870001539,-25.110901933419864,2.782398544708983,-1.3213015356407722
4.2958333,-33.90206147875323,-0.8549707212938107,-2.632722672928887,0.0770138607508474,0.476193619358061,-0.03816079629095246,113.78116669649029,-0.5858647350414323,16.546468129000313,118.83967987538648,2.0741436958509785,27.436028405711614,-18.926350950758934,-7.499999870001539,-24.729683307930188,2.6365986879704812,-1.4550618592420674
4.3,-34.063126730366285,-0.7557485177942189,-2.512929728418871,0.07931450278076707,0.4798672757977421,-0.037827331627154515,113.22687069771516,-0.5467453724952864,16.262334576960438,118.30253292299015,2.064768713008047,27.344126265400362,-19.320048353346827,-7.499999870001539,-24.356803592212998,2.459183890687299,-1.5942963264161512
4.3041667,-34.20988283264957,-0.6774907813110472,-2.3877027407553904,0.08157354445697902,0.48370292916488433,-0.037387118841525686,112.65590714459728,-0.5184252434977671,16.002043556557336,117.7342283794757,2.0548499276086813,27.221198920996965,-19.716488279111395,-7.499999870001539,-23.993461723961957,2.2549360657734843,-1.7354392010854447
4.3083333,-34.3376935574488,-0.6252520286448644,-2.260669745747025,0.08377418686469822,0.4876940690809469,-0.03686919151741508,112.06737574085165,-0.4993560739934742,15.770386165929517,117.13916514568102,2.044464114954139,27.069208054907815,-20.117340227921503,-7.499999870001539,-23.641306800232115,2.0287622439942616,-1.874009018731444
4.3125,-34.44173712125649,-0.6016884666722334,-2.1358110313554053,0.08590011499703822,0.49182637823342434,-0.036303861474872,111.46046157224077,-0.4884925116181815,15.570128366501278,116.5228313035506,2.033707060144463,26.89061165294679,-20.52367887414597,-7.499999870001539,-23.302077964699507,1.785508429455623,-2.0047991803840257
4.3166667,-34.51741940571333,-0.6068588686461633,-2.0172464155630574,0.08793715288093451,0.49607999566075817,-0.03572132253539751,110.83442793499992,-0.4852616529939799,15.401773023992298,115.89123622133599,2.022683646444339,26.688107908376715,-20.9361142260412,-7.499999870001539,-22.97726990663304,1.5298814432767396,-2.1222475750516905
4.3208333,-34.560763565435664,-0.6382829638585442,-1.9089880277237274,0.08987510158848583,0.5004325754231664,-0.03515026711350625,110.1884851275404,-0.48945253555723994,15.263506796908468,115.25025639990724,2.0114964381470206,26.46446632794735,-21.354978041412533,-7.499999870001539,-22.667861749186564,1.2664712854284146,-2.220989130845555
4.325,-34.568738139553496,-0.6912643970134016,-1.8146877929242524,0.0917093373881811,0.5048624763990925,-0.03461655603796687,109.52160423652502,-0.5010676808172808,15.151375637901275,114.60500708582177,2.0002347131526537,26.222481527956987,-21.780494493868208,-7.499999870001539,-22.37412476986369,0.999852290443359,-2.296559156602198
4.3291667,-34.539500842734405,-0.7594552098179609,-1.7374096903808447,0.09344171103552823,0.509351416585834,-0.03414206593178377,108.8323768691297,-0.5201704083694156,15.059703094828977,113.95935036805257,1.9889658776354886,25.96504758460346,-22.21287357994675,-7.499999870001539,-22.095510077986745,0.7347289795782431,-2.3461620784210133
4.3333333,-34.472549855295924,-0.8356074676951047,-1.6794485979753702,0.09508045509812597,0.5138861013809862,-0.03374383603628043,108.11901970636825,-0.5467482310741067,14.981726941078694,113.31562354457321,1.9777307251450882,25.69531417789366,-22.65228816049729,-7.499999870001539,-21.830610201475743,0.4760825558274579,-2.369369038502894
4.3375,-34.3687874697353,-0.9124293057041881,-1.6422046235610182,0.09663911471114156,0.5184586375336896,-0.03343358436766699,107.37958411314018,-0.5806018849724893,14.91038798845956,112.67462259251826,1.9665431481048703,25.416860233211487,-23.09872610689411,-7.499999870001539,-21.577182689518256,0.2292682939740347,-2.3685889617933267
4.3416667,-34.23051041787518,-0.9834423904937644,-1.6261103315631213,0.09813483044316143,0.5230658583509151,-0.033217628359288855,106.61236824850148,-0.6212641305219861,14.839168082100079,112.03581804779215,1.9553939056210645,25.133815237946468,-23.551742412228126,-7.499999870001539,-21.33221671470176,1.636225322394671e-05,-2.349186199620035
4.3458333,-34.06134418670462,-1.0437308258561424,-1.6306012335159714,0.09958647056674812,0.5277078958152757,-0.03309722335587931,105.8164644079786,-0.6679504984615114,14.762852210995572,111.39773286932285,1.9442572184576803,24.850877014526443,-24.010162879940395,-7.499999870001539,-21.092019928363555,-0.20569852057049018,-2.319185780260873
4.35,-33.86613350677202,-1.0904814676277115,-1.6541170032473473,0.10101306540228419,0.5323864008301271,-0.03306928418103185,104.9923291372123,-0.7195427509501142,14.678091611625309,110.75838798239344,1.9330985452349692,24.57321184272321,-24.4718009715383,-7.499999870001539,-20.852309175528056,-0.381930948435504,-2.288594177383419
4.3541667,-33.650790151173325,-1.1232425777167527,-1.6941216413177644,0.10243279580328585,0.5371027810360461,-0.03312739322530049,104.14224909718565,-0.7746036437349662,14.58367351983451,110.11572402144147,1.921881943230914,24.30626292225137,-24.9332406643306,-7.499999870001539,-20.608305820804876,-0.5231669163090933,-2.268445116837643
4.3583333,-33.42208809973801,-1.1438680138304136,-1.7471362775467412,0.1038625622303685,0.5418567663141256,-0.033262971921843194,103.27059043899705,-0.8314190447988837,14.480453037381817,109.46792963319214,1.9105757983533498,24.055517300909155,-25.389721118187435,-7.499999870001539,-20.354856777807992,-0.6248102597626057,-2.2697322470289674
4.3625,-33.18739093771637,-1.156161015405016,-1.8087886305419025,0.10531801097246962,0.5466455518969889,-0.03346650761237493,102.38375441610441,-0.8880616745837409,14.37096222283272,108.81363607378964,1.8991562215023001,23.826278802185392,-25.835146954178665,-7.499999870001539,-20.08661525706646,-0.6836851202334122,-2.3023982832703878
4.3666667,-32.95429926304794,-1.1652763520124831,-1.8738948765761043,0.10681382747844977,0.5514636897087303,-0.03372874377958681,101.48980661800721,-0.9424701501405564,14.258768298287416,108.15196622776101,1.8876079041139013,23.62347049165498,-26.262244508315955,-7.499999870001539,-19.798314837939348,-0.6984724634041876,-2.3745164900438094
4.3708333,-32.73021548303303,-1.1769727988867804,-1.9365968281065458,0.10836407463021716,0.5563037776003432,-0.03404173476639115,100.59779457809988,-0.9925368636959354,14.147694842530894,107.48245039460443,1.8759226483604017,23.451461046650476,-26.66288249468457,-7.499999870001539,-19.48515847303032,-0.6700024828893988,-2.4917430039404405
4.375,-32.52183765654451,-1.1968225207136292,-1.990575364836097,0.10998234239576563,0.5611578403620228,-0.034399656635213785,99.71681531831985,-1.0361970804680611,14.0410385420151,106.80484100102763,1.864096133269508,23.31388983730052,-27.028566442733116,-7.499999870001539,-19.143325576626992,-0.6013479521728792,-2.6570573693996686
4.3791667,-32.334611483977916,-1.2294782551331245,-2.029349621070611,0.11168152730229496,0.5660191416247812,-0.0347992811934625,98.85493695752173,-1.0715090288846891,13.9409072744175,106.11887310942566,1.8521237348091377,23.213462679903447,-27.35109591840047,-7.499999870001539,-18.77057705667502,-0.4977002719164381,-2.8707589361436217
4.3833333,-32.172187874841384,-1.278077787250033,-2.0466537339074486,0.11347319382057287,0.570884050577831,-0.035240060009630536,98.01811039422734,-1.0967122178503703,13.84777717691371,105.42402542669087,1.8399963547041593,23.1517046583692,-27.623343236152575,-7.499999870001539,-18.366907004129395,-0.3660483427597589,-3.130659363463287
4.3875,-32.03594872280777,-1.343836689197555,-2.036863748125222,0.11536662453740061,0.5757535410007822,-0.035723804655987255,97.2092211954316,-1.1102517613076661,13.76032495036497,104.71933557686921,1.8276971963355964,23.128683777444074,-27.84007809647214,-7.499999870001539,-17.93515067172089,-0.21470967081520417,-3.4324095901602214
4.3916667,-31.92467083176029,-1.4258526636167816,-1.9954313168528108,0.11736776052551108,0.5806339472983792,-0.03625396697118954,96.42742332682198,-1.1107627637352933,13.67554576980286,104.00331184523424,1.8152002243835073,23.142750156803082,-27.99873324080221,-7.499999870001539,-17.481421935351587,-0.05277899951559095,-3.769914313205421
4.3958333,-31.834393800047316,-1.5211220523996212,-1.919272113705594,0.11947824561142908,0.5855367486168396,-0.03683452841643112,95.66786434681478,-1.0970207769257716,13.589124230282941,103.27396115119848,1.80247065304565,23.19035701369928,-28.09999208419533,-7.499999870001539,-17.01523843435842,0.11043629458797906,-4.135801488690159
4.4,-31.758540795843754,-1.624751533072695,-1.8070581459853337,0.12169475185440637,0.5904773678701885,-0.03746853799507924,94.92186002039178,-1.0678783949861874,13.495991382518218,102.52892398021501,1.789467301042578,23.266029759014895,-28.14808976498517,-7.499999870001539,-16.54921532505292,0.2659305207634049,-4.521915024106116
4.4041667,-31.688312384132136,-1.7303351071822188,-1.6593754607437474,0.12400870965745849,0.595473207997329,-0.03815641152843964,94.17751303367255,-1.0222192831031416,13.390979383761222,101.76567998989451,1.7761461801203169,23.36252357455108,-28.150756878600962,-7.499999870001539,-16.098273247072285,0.40541447384078677,-4.919785074982043
4.4083333,-31.613336209998067,-1.8304580127831913,-1.4787299129840552,0.12640650464770598,0.6005413466860098,-0.038894185570707715,93.42070652697566,-0.9589659201033666,13.269479252884931,100.98177142190225,1.762464394322274,23.471165948198895,-28.118790893624517,-7.499999870001539,-15.678400763892762,0.5216026039033348,-5.321017616106524
4.4125,-31.522515895534987,-1.9172851401043371,-1.2694074715376686,0.12887015105283925,0.6056964090914285,-0.03967196062223099,92.63635036419352,-0.8771742129132171,13.128016505816593,100.17498993061662,1.7483834007629355,23.582337979567598,-28.065295664614343,-7.499999870001539,-15.305110592134268,0.6083690266751501,-5.717554779875156
4.4166667,-31.40498943149786,-1.983191092133892,-1.0372144042762945,0.13137842623634366,0.6109490870648855,-0.04047277598564735,91.8097261303861,-0.7762351635626278,12.964680306245532,99.3434863472454,1.7338709253714841,23.68602607653529,-28.004669817568118,-7.499999870001539,-14.991802899186329,0.6607928661313165,-6.101797218576649
4.4208333,-31.25108822363129,-2.021390087966425,-0.7891325057170682,0.1339084346156933,0.6163055724915788,-0.0412721657089313,90.92777130468531,-0.6561802298872315,12.779367880176574,98.48578918389644,1.7189012858473272,23.772380430081522,-27.9514476754274,-7.499999870001539,-14.748276924110764,0.6751329060444814,-6.466631467972112
4.425,-31.05318718487108,-2.026523975046149,-0.5329259013754931,0.13643751372639792,0.6217678730856995,-0.04203863788455537,89.98016514942393,-0.5180563267482132,12.57383117368919,97.60075049932887,1.7034544468382427,23.83223964722215,-27.919107321333776,-7.499999870001539,-14.57960853320608,0.6487824094044495,-6.8054381774045885
4.4291667,-30.806353854347762,-1.9951650607417744,-0.2767312649281675,0.1389452817090305,0.6273346727264073,-0.042735242073086495,88.96012486284877,-0.36430684818061865,12.351533655402415,96.68746873230542,1.6875146731279713,23.85760697294753,-27.91896197127189,-7.499999870001539,-14.485544784088434,0.5802536461081285,-7.112151953296497
4.4333333,-30.50873582551157,-1.9261896295220133,-0.028654575243699288,0.1414154920809224,0.6330022000809111,-0.04332222982452965,87.86487946532166,-0.199075837855563,12.11734143422044,95.74525678797893,1.6710699726389304,23.842080015321464,-27.959240616148588,-7.499999870001539,-14.46047587650591,0.46922746749651206,-7.38140579982165
4.4375,-30.161663061708655,-1.8209817419827026,0.20361271529909825,0.14383728523187328,0.6387645794389942,-0.043760634238465206,86.69584273249109,-0.02834881052273134,11.877085514565758,94.77371922406503,1.6541134435860037,23.781236138098738,-28.044441645709888,-7.499999870001539,-14.493952870393334,0.31668036833610946,-7.608745300162951
4.4416667,-29.769477691104015,-1.6834378846406877,0.41315358992487045,0.1462054783081441,0.6446133829567894,-0.044016453265294214,85.45853753061172,0.1401429258290095,11.637041683246922,93.77296861801013,1.636647050797403,23.672960095731284,-28.175013687081595,-7.499999870001539,-14.571645776059059,0.1250762749790031,-7.790862770350829
4.4458333,-29.33913416972343,-1.5197611864727347,0.5941603676954784,0.14851972786520515,0.6505364975134535,-0.04406500316379987,84.16232549964963,0.29729699054577785,11.40338131297723,92.74395360591676,1.6186873510756759,23.51767641997352,-28.347385581704053,-7.499999870001539,-14.676591858620936,-0.10141337679593608,-7.925791825325735
4.45,-28.879634132128825,-1.3380568845298955,0.7422411624216428,0.1507826738342335,0.6565167926125738,-0.04389488514210167,82.81997598993736,0.4332896697247226,11.181650279031517,91.6888096056675,1.6002716144728117,23.318428583656605,-28.55433270675867,-7.499999870001539,-14.790570819674562,-0.3567183639073955,-8.013016994963328
4.4541667,-28.401368524237423,-1.1477647350626474,0.8546883791687566,0.1529974463979782,0.6625312667625404,-0.043510922846429545,81.44708122186906,0.5384411522857462,10.976333065114487,90.61110458498644,1.581462113753939,23.080743352979567,-28.785629616589443,-7.499999870001539,-14.895459522894873,-0.6327785743784665,-8.053479392488013
4.4583333,-27.915431556410667,-0.958984182048632,0.9306937005735497,0.15516511211395737,0.6685512877195834,-0.04293546604468346,80.06130392002092,0.6041861220017012,10.790551773181992,89.5158554306185,1.562346410095043,22.81224108957316,-29.028903476219018,-7.499999870001539,-14.974456843946188,-0.9196264859304698,-8.04948316159675
4.4625,-27.432949999315568,-0.7817592150713268,0.9714910213775336,0.15728268021369765,0.6745442636037066,-0.042207656960219754,78.68143879727677,0.6240094554110387,10.625932327606519,88.40923672323268,1.5430322702474393,22.52199886957292,-29.270578309310455,-7.499999870001539,-15.013115024798655,-1.2057014900399181,-8.004520393825954
4.4666667,-26.964448477313855,-0.6253892938819369,0.9804089006499794,0.15934215762007542,0.6804766913261473,-0.04138059239061194,77.32628674077662,0.5942074404399958,10.482644209060908,87.29797783779205,1.5236371439549545,22.219727905934125,-29.496796898947192,-7.499999870001539,-15.000149482151675,-1.478421033331683,-7.923035791650943
4.4708333,-26.519259479707863,-0.49782217242116644,0.9628152704707091,0.16133088542161525,0.6863181416764341,-0.04051670906124957,76.01338140552095,0.5143662667233851,10.359592250624562,86.18852433266743,1.5042735274330685,21.914869981789654,-29.69422936354063,-7.499999870001539,-14.928011396524349,-1.7249862226270605,-7.8101517828078615
4.475,-26.1049919302426,-0.40516903285671635,0.9259383311586856,0.16323309828172722,0.6920454485605149,-0.03968205452483352,74.7576645796978,0.38750086706677495,10.254717943213418,85.08610568240915,1.485032692236002,21.615736161533246,-29.850718049747424,-7.499999870001539,-14.793197843331722,-1.933347751839427,-7.6713736595351945
4.4791667,-25.727089850397814,-0.35136724964657,0.8785508426236921,0.16503239076137088,0.6976462404093988,-0.03894026666751006,73.57026215316051,0.21985245669244088,10.16535903203169,83.99388861475802,1.4659699081991253,21.328802631938782,-29.955751704105285,-7.499999870001539,-14.596258381406289,-2.0932150863398453,-7.512294621759496
4.4833333,-25.38853069147015,-0.3380036052558938,0.8305138088773442,0.16671460227814477,0.7031210335773941,-0.03834703417219108,72.45754401302511,0.020388327777893255,10.088619349926375,82.91239369194713,1.4470942608604802,21.05824838960396,-30.00079267675953,-7.499999870001539,-14.341455877965078,-2.196970991686773,-7.338323209168722
4.4875,-25.089718420700468,-0.3643000682599407,0.7921906721837374,0.1682705745539257,0.7084834066245038,-0.037945612658297684,71.42063952705611,-0.19992462998545574,10.021709604501648,81.83930940916883,1.4283654068652287,20.80577558696919,-29.97949339023168,-7.499999870001539,-14.036067311864018,-2.240362948374342,-7.15445753265146
4.4916667,-24.828612456403025,-0.42725417676473654,0.7737614467137038,0.16969828965112363,0.713758219248852,-0.03776373237246896,70.45552012636799,-0.42899094924651593,9.9622277026023,80.76976023060293,1.4096982520748988,20.570704572809714,-29.887836186059605,-7.499999870001539,-13.689366334983454,-2.2228811023560735,-6.965126591142205
4.4958333,-24.60110133315189,-0.5219172591939422,0.7844834304931435,0.17100405058739068,0.7189782934901144,-0.03781202660961688,69.55366375735905,-0.6545233529940059,9.908352749855982,79.69699044347927,1.3909748870705005,20.350292074167974,-29.72421990851775,-7.499999870001539,-13.311396427451754,-2.1477863280193734,-6.774109278793496
4.5,-24.401587213614043,-0.6417874055551882,0.8319586500515705,0.17220259530315782,0.7241803004377171,-0.038083958246804724,68.7032069732509,-0.8649755323465359,9.858933804241696,78.61333840034774,1.3720615908864382,20.140191997072318,-29.489500981604778,-7.499999870001539,-12.911697866824962,-2.0218039333574005,-6.584534314762069
4.5041667,-24.223704803902336,-0.779289796597643,0.9214764558151224,0.1733162751904257,0.7294007176844761,-0.038557118531776485,67.89039695865485,-1.0504095384800909,9.813466643181767,77.51131737474796,1.3528276955000207,19.93496895253671,-29.186979624635935,-7.499999870001539,-12.498175523294817,-1.8545359635065726,-6.398962606070692
4.5083333,-24.061067064375948,-0.9263126179085617,1.0555004310777543,0.17437360336779595,0.7346726362273008,-0.03919570156746057,67.10110036024417,-1.2032410260078694,9.771968530207378,76.38460196221402,1.3331628017769062,19.728584178297044,-28.8223078007581,-7.499999870001539,-12.076281192612523,-1.6576658842180951,-6.219548896501105
4.5125,-23.90791968049832,-1.0747612572968248,1.2333600310000796,0.17540754290707633,0.7400239313203166,-0.03995390077798932,66.32212104224747,-1.3188086150948162,9.734776898361758,75.22874402726158,1.3129892751041627,19.51479824586287,-28.403288584272264,-7.499999870001539,-11.64863651705221,-1.4440384051710007,-6.04826297779145
4.5166667,-23.75960135266197,-1.2170885565801328,1.4511896677496214,0.17645386221327258,0.745476920408428,-0.040779913150758906,65.54212648297624,-1.3957199122187784,9.702307127984891,74.04150331497088,1.2922680156522384,19.28746908545389,-27.93953883851837,-7.499999870001539,-11.215148825500808,-1.2266987787378465,-5.8871275916918115
4.5208333,-23.612745633480262,-1.3467579586858462,1.7021343367735196,0.17754976082765753,0.7510492101097296,-0.04162017426717287,64.75207229956538,-1.435940043188578,9.674804823762862,72.82276132857946,1.2709969552568412,19.040758057091526,-27.44199874334175,-7.499999870001539,-10.773585131409229,-1.0179712430774108,-5.73841661074569
4.525,-23.46521359368691,-1.4586017860357618,1.9768149507010062,0.17873281184125994,0.7567551323932616,-0.042423417740709964,63.94512390835752,-1.444609088915752,9.652120884527813,71.5740705933737,1.2492031905911245,18.769279441977595,-26.922291575499013,-7.499999870001539,-10.320485489342119,-0.8286452158400179,-5.604764257185681
4.5291667,-23.315801909457242,-1.5490481974322339,2.264021094258319,0.18004013205254712,0.7626071105833055,-0.04314420678572487,63.116174206592504,-1.429598955383858,9.633526763837128,70.29795020436401,1.2269306881542155,18.468231954665576,-26.391961880985114,-7.499999870001539,-9.852233930950467,-0.6673214548236743,-5.489161703728928
4.5333333,-23.163813846383807,-1.6162047936068422,2.5515758430409696,0.18150760998888293,0.7686164814261184,-0.04374572644301534,62.26112093299089,-1.4008429252382486,9.617576241610452,68.9970584937313,1.2042258445947216,18.13353410617669,-25.86164600733372,-7.499999870001539,-9.36607987038623,-0.5399518975836057,-5.394848768545133
4.5375,-23.008599496341418,-1.6598010535264724,2.8272982610774466,0.18316899657984526,0.7747936137035192,-0.04420177791436881,61.37608473885464,-1.3694896965691452,9.602012046782123,67.67335903612737,1.1811229307573685,17.761954426187188,-25.34025311726066,-7.499999870001539,-8.860925383984421,-0.44959096341818455,-5.325129960536015
4.5416667,-22.84916195533766,-1.6810038675394707,3.0799761893297624,0.18505469153512835,0.7811474582236775,-0.0444979889144127,60.456722727802244,-1.3469491504550393,9.583713091298772,66.327364634425,1.1576308967447961,17.351194706894347,-24.834252440422482,-7.499999870001539,-8.337759997226279,-0.39636606443563366,-5.283147727989386
4.5458333,-22.683893670982933,-1.6821301671397324,3.300257298264074,0.18719014644692547,0.7876848373608434,-0.044632230912788555,59.497738943746,-1.3439108713242796,9.5586808432336,64.95751401793245,1.1337224932484675,16.89986574728943,-24.347165517191986,-7.499999870001539,-7.79971297561973,-0.3776692534951815,-5.271638051410819
4.55,-22.51046601056285,-1.6662883669873871,3.4813717436888623,0.1895939454981229,0.7944098056104434,-0.04461419362450669,58.4926346893614,-1.3694261679861246,9.522068752842543,63.55971801180376,1.1093263507097033,16.407303189425175,-23.879345801210004,-7.499999870001539,-7.251774417372892,-0.3885637284450283,-5.292688318859179
4.5541667,-22.325860437716575,-1.6369859379167748,3.6196145466777487,0.19227577586358183,0.8013233068228478,-0.04446409427032192,57.43369578998356,-1.4301446950208,9.46826261081956,62.1271069985121,1.0843225716898877,15.873207576192955,-23.42809544286524,-7.499999870001539,-6.700289117902621,-0.4223821144119894,-5.347520735387469
4.5583333,-22.126510805711646,-1.597743177497388,3.7145375417229163,0.19523460669524897,0.8084231627442868,-0.04421060423009189,56.31219037898236,-1.5297843155212947,9.391019285602162,60.650015646230095,1.0585424643294854,15.297147876606582,-22.988126629122753,-7.499999870001539,-6.152343812276771,-0.4714681166411972,-5.4363306881209645
4.5625,-21.908523321876274,-1.5517521665604537,3.7688277142673523,0.19845742947169523,0.8157042336493314,-0.04388819854121417,55.118747211925545,-1.6688883131157937,9.28366687643915,59.116246021550644,1.031773134530658,14.678022876890978,-22.552327634422728,-7.499999870001539,-5.615152998980387,-0.5279862356203785,-5.558209179086726
4.5666667,-21.667946249024308,-1.501614508429911,3.787881218984977,0.20191888521554158,0.8231585199626992,-0.043534204885722315,53.84388716527241,-1.8448912986199109,9.139364415319118,57.511642801345616,1.003767525297853,14.013607432757837,-22.112748393878896,-7.499999870001539,-5.095513281585559,-0.5847053918708217,-5.711166414097617
4.5708333,-21.40106570319093,-1.4491819401805828,3.7791195244239852,0.20558202702598236,0.8307750966750809,-0.043185822375559145,52.47867272155573,-2.0524796578483553,8.951416535767247,55.820981365559696,0.9742599168813587,13.30030478890918,-21.661685268890235,-7.499999870001539,-4.5993587039843575,-0.6356592872572115,-5.892252021032904
4.575,-21.104701572667366,-1.39551103096555,3.7511308297043806,0.20940032430582775,0.8385400119138584,-0.04287732385649509,51.015416223541266,-2.284200054146847,8.71363673540991,54.029111221276985,0.942985883292666,12.533183547261912,-21.192724744841463,-7.499999870001539,-4.131425707376375,-0.6766023570979115,-6.097746110355668
4.5791667,-20.776471021706154,-1.3409284222722324,3.7127476874104484,0.21332080713593918,0.8464364524220641,-0.04263759905986451,49.44835977752656,-2.5312450547491756,8.420747949671172,52.1222330958029,0.9097045817845103,11.706316393986578,-20.701601707024036,-7.499999870001539,-3.695030422543786,-0.7052126882316581,-6.323387231994522
4.5833333,-20.41498455171837,-1.2851883957026164,3.672182521406804,0.21728803023923896,0.8544454355344042,-0.04248817863858488,47.774230398250836,-2.784330571879102,8.068798012454277,50.08914875968001,0.8742205663785153,10.813380898986479,-20.186740702000396,-7.499999870001539,-3.2919639623240387,-0.7210346780028841,-6.564612735569891
4.5875,-20.019948788628433,-1.2276916685219406,3.6363313480759163,0.22124838903867955,0.8625470332922223,-0.04244191021965954,45.992598443874215,-3.0345749220703793,7.655551212527444,47.92233037379468,0.8364024514938343,9.84844742145696,-19.649382312693604,-7.499999870001539,-2.9225096765884135,-0.7251945020152257,-6.816804616430101
4.5916667,-19.592171042430262,-1.1677248704787102,3.6103224664412945,0.2251542963875172,0.8707218332423241,-0.04250250211277861,44.106019072195956,-3.2742921029448833,7.18080206400128,45.61870797459123,0.7961966561573819,8.806867412042685,-19.09325482773832,-7.499999870001539,-2.585573159907183,-0.719951724133166,-7.075544421561203
4.5958333,-19.133484263673687,-1.1046769175346816,3.5973379881447407,0.22896780914355824,0.8789522056208366,-0.04266512638496537,42.119989466387885,-3.4976219699179474,6.646553913754579,43.18014202359318,0.7536356515488223,7.686175198773395,-18.523829914839702,-7.499999870001539,-2.2788957688684253,-0.7081661677548083,-7.336876377534915
4.6,-18.646625562190206,-1.038194881608529,3.598684337762125,0.23266340662815588,0.8872230707766451,-0.042918102638527175,40.04278232082795,-3.7009394493053716,6.057021463796333,40.613599172132695,0.7088410286732929,6.486912946337943,-17.947285866410525,-7.499999870001539,-1.9993075961190443,-0.6927617735096329,-7.597562460189738
4.6041667,-18.13510079268099,-0.9682588923197164,3.614046852913212,0.23622970984942498,0.8955221348896293,-0.04324538313008459,37.88520958668771,-3.883015177703793,5.418451764674459,37.93106599227458,0.6620219926811045,5.2132778985725965,-17.369371714354113,-7.499999870001539,-1.7429757511317665,-0.676262524934192,-7.855297003308449
4.6083333,-17.603054640276177,-0.8951785773769688,3.6418430357528653,0.23966999359954555,0.9038397752200109,-0.0436292716799651,35.66034158031147,-4.0449365016762835,4.738800202232823,35.14922428405346,0.6134696959089411,3.8734836760099265,-16.79439925717402,-7.499999870001539,-1.505617443471751,-0.6604615828019513,-8.108841191558836
4.6125,-17.05514924448531,-0.8195336998933708,3.679591766832906,0.24300141465444228,0.91216877823508,-0.044052709129125546,33.38317733546833,-4.1898295487434405,4.027328579254543,32.288894733054754,0.5635475278719752,2.479739252841429,-16.22457585374277,-7.499999870001539,-1.2826653682250233,-0.6462629806068988,-8.358043433470927
4.6166667,-16.49644422568249,-0.7420909888524907,3.7242377822912065,0.246252970515122,0.9205040023082558,-0.04450061098843633,31.070250694521068,-4.322439549273494,3.2941985293358185,29.37425341455252,0.5126774406809171,1.0477896968636733,-15.659828285185782,-7.499999870001539,-1.0693863537334558,-0.6337064230053688,-8.603727934123496
4.6208333,-15.93227076774425,-0.6637250884047241,3.772402947595007,0.24946231194869462,0.9288418967658895,-0.04496006189592525,28.739166565974365,-4.448625317308223,2.5501135010912543,26.43184369316225,0.46132270343777454,-0.4039713312450955,-15.098165597477823,-7.499999870001539,-0.8609608997286842,-0.6221552744864227,-8.847455548396328
